"case_id","reference_label","deepseek_first","combined_answer"
"AttNoneg-OWA-D5-536::Q14","UNKNOWN","UNKNOWN","UNKNOWN"
"RelNoneg-OWA-D5-392::Q11","TRUE","UNKNOWN","TRUE"
"RelNeg-OWA-D5-685::Q12","FALSE","FALSE","FALSE"
"AttNeg-OWA-D5-811::Q11","TRUE","UNKNOWN","TRUE"
"AttNoneg-OWA-D5-575::Q12","FALSE","FALSE","FALSE"
"AttNeg-OWA-D5-795::Q11","TRUE","UNKNOWN","TRUE"
"RelNeg-OWA-D5-268::Q12","FALSE","FALSE","FALSE"
"AttNeg-OWA-D5-164::Q11","TRUE","UNKNOWN","TRUE"
"RelNoneg-OWA-D5-925::Q11","TRUE","UNKNOWN","TRUE"
"AttNeg-OWA-D5-561::Q16","UNKNOWN","UNKNOWN","UNKNOWN"
"AttNeg-OWA-D5-596::Q12","FALSE","UNKNOWN","FALSE"
"AttNoneg-OWA-D5-831::Q12","FALSE","UNKNOWN","FALSE"
"AttNoneg-OWA-D5-742::Q11","TRUE","UNKNOWN","TRUE"
"AttNoneg-OWA-D5-1275::Q12","FALSE","UNKNOWN","FALSE"
"AttNeg-OWA-D5-1147::Q12","FALSE","FALSE","FALSE"
"AttNeg-OWA-D5-1126::Q11","TRUE","UNKNOWN","TRUE"
"RelNoneg-OWA-D5-3::Q12","FALSE","UNKNOWN","FALSE"
"RelNeg-OWA-D5-450::Q12","FALSE","UNKNOWN","FALSE"
"AttNoneg-OWA-D5-4::Q12","FALSE","UNKNOWN","FALSE"
"RelNoneg-OWA-D5-198::Q12","FALSE","UNKNOWN","FALSE"
"RelNoneg-OWA-D5-699::Q11","TRUE","UNKNOWN","TRUE"
"AttNeg-OWA-D5-461::Q12","FALSE","UNKNOWN","FALSE"
"AttNoneg-OWA-D5-698::Q12","FALSE","UNKNOWN","FALSE"
"RelNeg-OWA-D5-968::Q11","TRUE","UNKNOWN","TRUE"
"AttNoneg-OWA-D5-333::Q12","FALSE","UNKNOWN","FALSE"
"RelNoneg-OWA-D5-184::Q11","TRUE","UNKNOWN","TRUE"
"AttNoneg-OWA-D5-602::Q11","TRUE","UNKNOWN","TRUE"
"AttNeg-OWA-D5-1088::Q11","TRUE","UNKNOWN","TRUE"
"RelNeg-OWA-D5-358::Q12","FALSE","UNKNOWN","FALSE"
"RelNoneg-OWA-D5-665::Q11","TRUE","UNKNOWN","TRUE"
"RelNoneg-OWA-D5-587::Q12","FALSE","UNKNOWN","FALSE"
"RelNeg-OWA-D5-871::Q11","TRUE","UNKNOWN","TRUE"
"AttNeg-OWA-D5-899::Q18","UNKNOWN","UNKNOWN","UNKNOWN"
"AttNoneg-OWA-D5-998::Q17","UNKNOWN","UNKNOWN","UNKNOWN"
"AttNeg-OWA-D5-1052::Q11","TRUE","UNKNOWN","TRUE"
"RelNeg-OWA-D5-1014::Q11","TRUE","UNKNOWN","TRUE"
"AttNoneg-OWA-D5-1025::Q11","TRUE","UNKNOWN","TRUE"
"AttNoneg-OWA-D5-651::Q12","FALSE","UNKNOWN","FALSE"
"RelNeg-OWA-D5-858::Q11","TRUE","UNKNOWN","TRUE"
"RelNoneg-OWA-D5-268::Q11","TRUE","UNKNOWN","TRUE"
"RelNeg-OWA-D5-339::Q12","FALSE","UNKNOWN","FALSE"
"AttNeg-OWA-D5-649::Q12","FALSE","UNKNOWN","FALSE"
"AttNoneg-OWA-D5-732::Q11","TRUE","UNKNOWN","TRUE"
"RelNoneg-OWA-D5-197::Q12","FALSE","UNKNOWN","FALSE"
"AttNeg-OWA-D5-560::Q11","TRUE","UNKNOWN","TRUE"
"AttNeg-OWA-D5-536::Q11","TRUE","UNKNOWN","TRUE"
"AttNoneg-OWA-D5-763::Q12","FALSE","FALSE","FALSE"
"RelNoneg-OWA-D5-79::Q12","FALSE","FALSE","FALSE"
"AttNoneg-OWA-D5-1105::Q11","TRUE","UNKNOWN","TRUE"
"RelNeg-OWA-D5-369::Q12","FALSE","UNKNOWN","FALSE"
"AttNeg-OWA-D5-1021::Q11","TRUE","UNKNOWN","TRUE"
"RelNeg-OWA-D5-42::Q12","FALSE","UNKNOWN","FALSE"
"RelNoneg-OWA-D5-564::Q11","TRUE","TRUE","TRUE"
"AttNoneg-OWA-D5-1278::Q12","FALSE","FALSE","FALSE"
"RelNeg-OWA-D5-254::Q11","TRUE","UNKNOWN","TRUE"
"RelNeg-OWA-D5-533::Q11","TRUE","UNKNOWN","TRUE"
"RelNoneg-OWA-D5-495::Q12","FALSE","UNKNOWN","FALSE"
"AttNeg-OWA-D5-721::Q11","TRUE","TRUE","TRUE"
"AttNoneg-OWA-D5-234::Q13","UNKNOWN","UNKNOWN","UNKNOWN"
"AttNeg-OWA-D5-886::Q11","TRUE","UNKNOWN","TRUE"
"AttNoneg-OWA-D5-740::Q15","UNKNOWN","FALSE","UNKNOWN"
"RelNoneg-OWA-D5-26::Q12","FALSE","UNKNOWN","FALSE"
"AttNoneg-OWA-D5-960::Q12","FALSE","UNKNOWN","FALSE"
"AttNeg-OWA-D5-214::Q11","TRUE","UNKNOWN","TRUE"
"AttNoneg-OWA-D5-1078::Q12","FALSE","FALSE","FALSE"
"AttNoneg-OWA-D5-1166::Q12","FALSE","FALSE","FALSE"
"RelNeg-OWA-D5-943::Q11","TRUE","UNKNOWN","TRUE"
"RelNeg-OWA-D5-513::Q12","FALSE","UNKNOWN","FALSE"
"AttNoneg-OWA-D5-27::Q11","TRUE","UNKNOWN","TRUE"
"AttNeg-OWA-D5-861::Q12","FALSE","UNKNOWN","FALSE"
"RelNoneg-OWA-D5-881::Q11","TRUE","UNKNOWN","TRUE"
"RelNoneg-OWA-D5-633::Q11","TRUE","UNKNOWN","TRUE"
"RelNoneg-OWA-D5-309::Q12","FALSE","UNKNOWN","FALSE"
"AttNoneg-OWA-D5-1016::Q12","FALSE","FALSE","FALSE"
"AttNeg-OWA-D5-1199::Q11","TRUE","UNKNOWN","TRUE"
"RelNeg-OWA-D5-376::Q11","TRUE","UNKNOWN","TRUE"
"RelNoneg-OWA-D5-810::Q12","FALSE","UNKNOWN","FALSE"
"AttNeg-OWA-D5-823::Q11","TRUE","TRUE","TRUE"
"AttNoneg-OWA-D5-1314::Q15","UNKNOWN","UNKNOWN","UNKNOWN"
"AttNoneg-OWA-D5-594::Q11","TRUE","UNKNOWN","TRUE"
"RelNoneg-OWA-D5-41::Q11","TRUE","UNKNOWN","TRUE"
"RelNeg-OWA-D5-707::Q12","FALSE","UNKNOWN","FALSE"
"AttNoneg-OWA-D5-1224::Q11","TRUE","UNKNOWN","TRUE"
"AttNoneg-OWA-D5-1405::Q12","FALSE","FALSE","FALSE"
"AttNeg-OWA-D5-877::Q11","TRUE","UNKNOWN","TRUE"
"AttNeg-OWA-D5-567::Q12","FALSE","FALSE","FALSE"
"AttNeg-OWA-D5-207::Q11","TRUE","UNKNOWN","TRUE"
"AttNeg-OWA-D5-710::Q11","TRUE","UNKNOWN","TRUE"
"AttNeg-OWA-D5-288::Q11","TRUE","UNKNOWN","TRUE"
"AttNeg-OWA-D5-519::Q12","FALSE","FALSE","FALSE"
"AttNeg-OWA-D5-134::Q12","FALSE","FALSE","FALSE"
"AttNeg-OWA-D5-112::Q11","TRUE","UNKNOWN","TRUE"
"AttNeg-OWA-D5-774::Q12","FALSE","FALSE","FALSE"
"RelNeg-OWA-D5-57::Q12","FALSE","UNKNOWN","FALSE"
"AttNeg-OWA-D5-361::Q12","FALSE","FALSE","FALSE"
"AttNeg-OWA-D5-1109::Q11","TRUE","UNKNOWN","TRUE"
"AttNoneg-OWA-D5-1001::Q12","FALSE","FALSE","FALSE"
"AttNoneg-OWA-D5-484::Q17","UNKNOWN","FALSE","UNKNOWN"
"AttNeg-OWA-D5-321::Q11","TRUE","UNKNOWN","TRUE"
"RelNoneg-OWA-D5-654::Q12","FALSE","UNKNOWN","FALSE"
"RelNoneg-OWA-D5-158::Q11","TRUE","UNKNOWN","TRUE"
"AttNoneg-OWA-D5-1312::Q14","UNKNOWN","UNKNOWN","UNKNOWN"
"AttNeg-OWA-D5-1053::Q12","FALSE","UNKNOWN","FALSE"
"RelNeg-OWA-D5-123::Q16","UNKNOWN","UNKNOWN","UNKNOWN"
"RelNoneg-OWA-D5-228::Q11","TRUE","UNKNOWN","TRUE"
"RelNoneg-OWA-D5-263::Q12","FALSE","UNKNOWN","FALSE"
"AttNoneg-OWA-D5-984::Q12","FALSE","FALSE","FALSE"
"AttNeg-OWA-D5-579::Q11","TRUE","UNKNOWN","TRUE"
"AttNeg-OWA-D5-844::Q12","FALSE","UNKNOWN","FALSE"
"RelNoneg-OWA-D5-354::Q11","TRUE","UNKNOWN","TRUE"
"AttNoneg-OWA-D5-1370::Q16","UNKNOWN","UNKNOWN","UNKNOWN"
"RelNoneg-OWA-D5-357::Q12","FALSE","UNKNOWN","FALSE"
"AttNoneg-OWA-D5-339::Q11","TRUE","UNKNOWN","TRUE"
"AttNoneg-OWA-D5-115::Q11","TRUE","UNKNOWN","TRUE"
"RelNeg-OWA-D5-537::Q12","FALSE","UNKNOWN","FALSE"
"AttNoneg-OWA-D5-1357::Q12","FALSE","FALSE","FALSE"
"RelNeg-OWA-D5-48::Q12","FALSE","UNKNOWN","FALSE"
"AttNoneg-OWA-D5-1289::Q12","FALSE","FALSE","FALSE"
"AttNeg-OWA-D5-183::Q12","FALSE","FALSE","FALSE"
"AttNoneg-OWA-D5-645::Q12","FALSE","UNKNOWN","FALSE"
"AttNeg-OWA-D5-445::Q11","TRUE","UNKNOWN","TRUE"
"AttNoneg-OWA-D5-334::Q12","FALSE","UNKNOWN","FALSE"
"RelNoneg-OWA-D5-113::Q12","FALSE","UNKNOWN","FALSE"
"AttNeg-OWA-D5-275::Q11","TRUE","UNKNOWN","TRUE"
"RelNoneg-OWA-D5-51::Q12","FALSE","UNKNOWN","FALSE"
"AttNoneg-OWA-D5-1198::Q12","FALSE","FALSE","FALSE"
"RelNoneg-OWA-D5-74::Q12","FALSE","UNKNOWN","FALSE"
"RelNeg-OWA-D5-299::Q12","FALSE","UNKNOWN","FALSE"
"RelNoneg-OWA-D5-25::Q11","TRUE","UNKNOWN","TRUE"
"RelNeg-OWA-D5-59::Q11","TRUE","UNKNOWN","TRUE"
"RelNoneg-OWA-D5-626::Q12","FALSE","UNKNOWN","FALSE"
"AttNoneg-OWA-D5-755::Q12","FALSE","UNKNOWN","FALSE"
"AttNeg-OWA-D5-111::Q11","TRUE","TRUE","TRUE"
"AttNoneg-OWA-D5-913::Q11","TRUE","UNKNOWN","TRUE"
"RelNoneg-OWA-D5-782::Q12","FALSE","UNKNOWN","FALSE"
"RelNeg-OWA-D5-117::Q11","TRUE","UNKNOWN","TRUE"
"AttNoneg-OWA-D5-1359::Q11","TRUE","UNKNOWN","TRUE"
"AttNoneg-OWA-D5-655::Q11","TRUE","UNKNOWN","TRUE"
"AttNoneg-OWA-D5-376::Q12","FALSE","FALSE","FALSE"
"RelNoneg-OWA-D5-65::Q11","TRUE","UNKNOWN","TRUE"
"AttNoneg-OWA-D5-824::Q11","TRUE","UNKNOWN","TRUE"
"RelNoneg-OWA-D5-71::Q11","TRUE","TRUE","TRUE"
"AttNeg-OWA-D5-1081::Q12","FALSE","FALSE","FALSE"
"AttNoneg-OWA-D5-1270::Q12","FALSE","UNKNOWN","FALSE"
"AttNoneg-OWA-D5-475::Q11","TRUE","UNKNOWN","TRUE"
"AttNoneg-OWA-D5-145::Q12","FALSE","UNKNOWN","FALSE"
"AttNoneg-OWA-D5-240::Q12","FALSE","FALSE","FALSE"
"AttNeg-OWA-D5-66::Q11","TRUE","UNKNOWN","TRUE"
"RelNeg-OWA-D5-133::Q12","FALSE","UNKNOWN","FALSE"
"RelNeg-OWA-D5-616::Q11","TRUE","UNKNOWN","TRUE"
"AttNeg-OWA-D5-566::Q11","TRUE","TRUE","TRUE"
"AttNoneg-OWA-D5-118::Q12","FALSE","UNKNOWN","FALSE"
"RelNoneg-OWA-D5-688::Q11","TRUE","UNKNOWN","TRUE"
"AttNoneg-OWA-D5-99::Q14","UNKNOWN","UNKNOWN","UNKNOWN"
"RelNeg-OWA-D5-534::Q11","TRUE","UNKNOWN","TRUE"
"RelNeg-OWA-D5-1042::Q11","TRUE","UNKNOWN","TRUE"
"AttNoneg-OWA-D5-916::Q15","UNKNOWN","UNKNOWN","UNKNOWN"
"AttNoneg-OWA-D5-1426::Q12","FALSE","UNKNOWN","FALSE"
"RelNeg-OWA-D5-248::Q12","FALSE","FALSE","FALSE"
"RelNeg-OWA-D5-571::Q11","TRUE","UNKNOWN","TRUE"
"RelNeg-OWA-D5-99::Q11","TRUE","UNKNOWN","TRUE"
"AttNeg-OWA-D5-963::Q11","TRUE","UNKNOWN","TRUE"
"RelNoneg-OWA-D5-989::Q12","FALSE","UNKNOWN","FALSE"
"AttNeg-OWA-D5-202::Q12","FALSE","UNKNOWN","FALSE"
"AttNoneg-OWA-D5-570::Q12","FALSE","FALSE","FALSE"
"AttNoneg-OWA-D5-163::Q11","TRUE","UNKNOWN","TRUE"
"RelNoneg-OWA-D5-226::Q12","FALSE","UNKNOWN","FALSE"
"AttNeg-OWA-D5-976::Q12","FALSE","UNKNOWN","FALSE"
"RelNeg-OWA-D5-776::Q17","UNKNOWN","UNKNOWN","UNKNOWN"
"AttNeg-OWA-D5-386::Q12","FALSE","UNKNOWN","FALSE"
"RelNeg-OWA-D5-25::Q11","TRUE","UNKNOWN","TRUE"
"RelNoneg-OWA-D5-291::Q12","FALSE","UNKNOWN","FALSE"
"RelNoneg-OWA-D5-161::Q11","TRUE","UNKNOWN","TRUE"
"RelNeg-OWA-D5-326::Q12","FALSE","FALSE","FALSE"
"RelNoneg-OWA-D5-120::Q12","FALSE","UNKNOWN","FALSE"
"AttNeg-OWA-D5-760::Q12","FALSE","UNKNOWN","FALSE"
"AttNeg-OWA-D5-169::Q11","TRUE","UNKNOWN","TRUE"
"RelNeg-OWA-D5-638::Q11","TRUE","UNKNOWN","TRUE"
"RelNoneg-OWA-D5-246::Q11","TRUE","UNKNOWN","TRUE"
"RelNeg-OWA-D5-800::Q11","TRUE","UNKNOWN","TRUE"
"RelNoneg-OWA-D5-460::Q11","TRUE","UNKNOWN","TRUE"
"RelNeg-OWA-D5-525::Q12","FALSE","FALSE","FALSE"
"RelNeg-OWA-D5-631::Q11","TRUE","UNKNOWN","TRUE"
"AttNoneg-OWA-D5-1352::Q12","FALSE","UNKNOWN","FALSE"
"AttNoneg-OWA-D5-503::Q12","FALSE","FALSE","FALSE"
"RelNoneg-OWA-D5-998::Q12","FALSE","UNKNOWN","FALSE"
"RelNeg-OWA-D5-126::Q12","FALSE","UNKNOWN","FALSE"
"RelNoneg-OWA-D5-585::Q11","TRUE","UNKNOWN","TRUE"
"AttNoneg-OWA-D5-1268::Q12","FALSE","FALSE","FALSE"
"AttNoneg-OWA-D5-902::Q11","TRUE","UNKNOWN","TRUE"
"AttNoneg-OWA-D5-105::Q11","TRUE","UNKNOWN","TRUE"
"RelNeg-OWA-D5-425::Q11","TRUE","UNKNOWN","TRUE"
"RelNeg-OWA-D5-54::Q11","TRUE","UNKNOWN","TRUE"
"RelNoneg-OWA-D5-539::Q12","FALSE","UNKNOWN","FALSE"
"AttNoneg-OWA-D5-547::Q12","FALSE","FALSE","FALSE"
"RelNeg-OWA-D5-64::Q12","FALSE","FALSE","FALSE"
"RelNeg-OWA-D5-935::Q11","TRUE","UNKNOWN","TRUE"
"RelNoneg-OWA-D5-271::Q11","TRUE","UNKNOWN","TRUE"
"RelNoneg-OWA-D5-663::Q11","TRUE","UNKNOWN","TRUE"
"AttNoneg-OWA-D5-532::Q15","UNKNOWN","UNKNOWN","UNKNOWN"
